1/01/2022,New Year's Day
1/01/2022,Emancipation Proclamation
1/01/2022,National Hangover Day
1/01/2022,International Public Domain Day
1/02/2022,National Science Fiction Day
1/02/2022,National Buffet Day
1/02/2022,World Introvert Day
1/03/2022,National Thank God It's Monday Day
1/03/2022,International Mind-Body Wellness Day
1/04/2022,World Braille Day
1/04/2022,National Trivia Day
1/04/2022,National Spaghetti Day
1/04/2022,World Hypnotism Day
1/05/2022,National Bird Day
1/05/2022,National Keto Day
1/06/2022,Epiphany
1/06/2022,National Cuddle Up Day
1/07/2022,Orthodox Christmas
1/08/2022,Battle of New Orleans
1/08/2022,National Bubble Bath Day
1/08/2022,World Typing Day
1/09/2022,Law Enforcement Appreciation Day
1/10/2022,National Houseplant Appreciation Day
1/11/2022,National Human Trafficking Awareness Day
1/11/2022,National Milk Day
1/11/2022,National Clean Off Your Desk Day
1/12/2022,National Pharmacist Day
1/12/2022,National Marzipan Day
1/13/2022,Korean American Day
1/13/2022,National Gluten-Free Day
1/13/2022,Stephen Foster Memorial Day
1/14/2022,National Dress Up Your Pet Day
1/14/2022,World Logic Day
1/15/2022,National Hat Day
1/15/2022,National Bagel Day
1/15/2022,World Religion Day
1/15/2022,National Strawberry Ice Cream Day
1/15/2022,Martin Luther King’s Birthday
1/16/2022,Tu Bishvat
1/16/2022,National Nothing Day
1/17/2022,Martin Luther King Day
1/17/2022,Civil Rights Day
1/17/2022,Idaho Human Rights Day
1/17/2022,Prohibition Begins
1/18/2022,National Thesaurus Day
1/19/2022,Confederate Heroes' Day
1/19/2022,National Popcorn Day
1/19/2022,Museum Selfie Day
1/19/2022,Robert E. Lee's Birthday
1/20/2022,National DJ Day
1/20/2022,National Cheese Lovers Day
1/21/2022,National Hugging Day
1/21/2022,National Squirrel Appreciation Day
1/22/2022,Roe V. Wade
1/22/2022,Celebration of Life Day
1/23/2022,National Pie Day
1/24/2022,Gold Rush
1/24/2022,National Compliment Day
1/24/2022,International Day of Education
1/25/2022,Opposite Day
1/26/2022,National Spouses Day
1/26/2022,National Green Juice Day
1/26/2022,International Customs Day
1/27/2022,International Holocaust Remembrance Day
1/27/2022,National Chocolate Cake Day
1/28/2022,National Daisy Day
1/28/2022,National Lego Day
1/28/2022,National Fun at Work Day
1/29/2022,Kansas Day
1/29/2022,National Puzzle Day
1/30/2022,National Croissant Day
1/31/2022,National Bubble Wrap Appreciation Day
1/31/2022,National Backward Day
2/01/2022,Black History Month
2/01/2022,Chinese New Year
2/01/2022,National Freedom Day
2/01/2022,National Get Up Day
2/01/2022,World Interfaith Harmony Week
2/02/2022,Groundhog Day
2/02/2022,Treaty of Guadalupe Hidalgo
2/02/2022,Candlemas Day
2/02/2022,National Signing Day
2/02/2022,National Hedgehog Day
2/02/2022,National Tater Tot Day
2/03/2022,National Golden Retriever Day
2/03/2022,National Women Physicians Day
2/03/2022,National Carrot Cake Day
2/03/2022,Feed the Birds Day
2/04/2022,World Cancer Day
2/04/2022,International Day of Human Fraternity
2/04/2022,Rosa Parks Day
2/04/2022,National Wear Red Day
2/04/2022,Give Kids A Smile Day
2/04/2022,Thank Your Mailman Day
2/05/2022,National Weatherperson's Day
2/06/2022,Super Bowl Sunday
2/06/2022,National Frozen Yogurt Day
2/07/2022,National Send a Card to a Friend Day
2/07/2022,e-Day
2/08/2022,National Boy Scout Day
2/08/2022,National Kite-Flying Day
2/09/2022,National Toothache Day
2/09/2022,National Pizza Day
2/11/2022,Safer Internet Day
2/11/2022,National Inventors' Day
2/11/2022,International Day of Women and Girls in Science
2/11/2022,Thomas Edison's Birthday
2/12/2022,Lincoln's Birthday
2/12/2022,Darwin Day
2/13/2022,Galentine's Day
2/13/2022,World Radio Day
2/14/2022,Valentine's Day
2/14/2022,Arizona Statehood Day
2/14/2022,National Donor Day
2/14/2022,International Book Giving Day
2/15/2022,Singles Awareness Day
2/15/2022,Susan B. Anthony's Birthday
2/15/2022,International Childhood Cancer Day
2/16/2022,National Almond Day
2/17/2022,Random Acts of Kindness Day
2/17/2022,World Anthropology Day
2/18/2022,Pluto Day
2/19/2022,International Tug of War Day
2/20/2022,National Love Your Pet Day
2/20/2022,World Day of Social Justice
2/21/2022,Presidents' Day
2/21/2022,Daisy Gatson Bates Day
2/21/2022,International Mother Language Day
2/21/2022,National Sticky Bun Day
2/22/2022,National Walking the Dog Day
2/22/2022,National Margarita Day
2/22/2022,World Thinking Day
2/22/2022,World Spay Day
2/22/2022,George Washington's Birthday
2/23/2022,Battle of the Alamo
2/23/2022,National Banana Bread Day
2/24/2022,National Chili Day
2/24/2022,National Peanut Butter Day
2/25/2022,National Pancake Day
2/26/2022,National Pistachio Day
2/27/2022,National Pokemon Day
2/27/2022,World Non-governmental Organization Day
2/28/2022,Rare Disease Day
3/01/2022,Bachelor's Day
3/01/2022,Vermont Town Meeting Day
3/01/2022,Mardi Gras
3/01/2022,Saint David's Day
3/01/2022,Maha Shivaratri
3/01/2022,Isra and Mi'raj
3/01/2022,Women's History Month
3/01/2022,National Peanut Butter Lover's Day
3/01/2022,Self-Injury Awareness Day
3/01/2022,Zero Discrimination Day
3/01/2022,World Music Therapy Day
3/01/2022,Shrove Tuesday
3/02/2022,Ash Wednesday
3/02/2022,Texas Independence Day
3/02/2022,Read Across America
3/02/2022,World Teen Mental Wellness Day
3/03/2022,Missouri Compromise
3/03/2022,National Anthem Day
3/03/2022,World Hearing Day
3/04/2022,Employee Appreciation Day
3/04/2022,National Grammar Day
3/04/2022,World Obesity Day
3/04/2022,National Hug a G.I. Day
3/06/2022,Dred Scott Case
3/06/2022,National Day of Unplugging
3/06/2022,National Dentists Day
3/06/2022,National Dress Day
3/06/2022,National Oreo Cookie Day
3/07/2022,Casimir Pulaski Day
3/07/2022,National Be Heard Day
3/07/2022,World Plant Power Day
3/08/2022,National Proofreading Day
3/08/2022,International Women's Day
3/09/2022,National Meatball Day
3/09/2022,National Get Over It Day
3/10/2022,National Hug Your Dog Day
3/10/2022,National Pack Your Lunch Day
3/10/2022,World Kidney Day
3/10/2022,Harriet Tubman Day
3/10/2022,National Popcorn Lover's Day
3/11/2022,National Promposal Day
3/12/2022,National Girl Scout Day
3/12/2022,National Plant a Flower Day
3/13/2022,Daylight Saving Time Starts
3/13/2022,National K9 Veterans Day
3/13/2022,National Good Samaritan Day
3/14/2022,Pi Day
3/14/2022,National Napping Day
3/14/2022,International Day of Mathematics
3/14/2022,National Potato Chip Day
3/15/2022,World Social Work Day
3/15/2022,World Consumer Rights Day
3/16/2022,Purim
3/16/2022,National Corn Dog Day
3/17/2022,Saint Patrick´s Day
3/17/2022,Evacuation Day
3/18/2022,Awkward Moments Day
3/18/2022,National Biodiesel Day
3/18/2022,World Sleep Day
3/19/2022,Holi
3/19/2022,St. Joseph's Day
3/19/2022,National Let's Laugh Day
3/19/2022,International Read to Me Day
3/20/2022,Spring Equinox (Start of Spring)
3/20/2022,International Day of Happiness
3/20/2022,National Proposal Day
3/20/2022,National Kick Butts Day
3/20/2022,World Oral Health Day
3/20/2022,French Language Day
3/21/2022,World Poetry Day
3/21/2022,World Down Syndrome Day
3/21/2022,International Day of Forests
3/21/2022,National Common Courtesy Day
3/21/2022,National Fragrance Day
3/21/2022,National French Bread Day
3/21/2022,World Puppetry Day
3/21/2022,International Day for the Elimination of Racial Discrimination
3/22/2022,World Water Day
3/22/2022,National Goof Off Day
3/23/2022,National Puppy Day
3/23/2022,World Meteorological Day
3/23/2022,National Near Miss Day
3/23/2022,National Tamale Day
3/24/2022,National Cheesesteak Day
3/24/2022,World Tuberculosis Day
3/25/2022,Maryland Day
3/25/2022,National Medal of Honor Day
3/25/2022,International Waffle Day
3/26/2022,Earth Hour
3/26/2022,National Spinach Day
3/26/2022,Purple Day
3/26/2022,Prince Kuhio Day
3/27/2022,National Joe Day
3/27/2022,World Theatre Day
3/28/2022,Respect Your Cat Day
3/29/2022,National Vietnam War Veterans Day
3/29/2022,National Smoke and Mirrors Day
3/29/2022,National Mom and Pop Business Owners Day
3/30/2022,National Doctors' Day
3/30/2022,National I am in Control Day
3/31/2022,César Chávez Day
3/31/2022,Opening Day
3/31/2022,World Backup Day
3/31/2022,National Crayon Day
4/01/2022,First Day of Ramadan
4/01/2022,April Fool's Day
4/02/2022,Autism Awareness Day
4/02/2022,International Children's Book Day
4/02/2022,National Peanut Butter and Jelly Day
4/02/2022,National Reconciliation Day
4/02/2022,National Handmade Day
4/02/2022,National Love Our Children Day
4/02/2022,International Pillow Fight Day
4/03/2022,World Party Day
4/03/2022,National Find a Rainbow Day
4/04/2022,National School Librarian Day
4/05/2022,National Librarian Day
4/05/2022,Gold Star Spouses Day
4/06/2022,International Day of Sport for Development and Peace
4/06/2022,National Tartan Day
4/06/2022,National Walking Day
4/06/2022,National Student-Athlete Day
4/07/2022,National Beer Day
4/07/2022,National Burrito Day
4/07/2022,World Health Day
4/07/2022,National No Housework Day
4/08/2022,Day of Silence
4/09/2022,National Former Prisoner of War Recognition Day
4/09/2022,National Name Yourself Day
4/10/2022,World Homeopathy Day
4/10/2022,National Siblings Day
4/10/2022,Palm Sunday
4/11/2022,National Pet Day
4/11/2022,National Submarine Day
4/12/2022,American Civil War
4/12/2022,National Library Workers' Day
4/12/2022,National Grilled Cheese Sandwich Day
4/13/2022,Thomas Jefferson's Birthday
4/13/2022,National Scrabble Day
4/13/2022,National Make Lunch Count Day
4/14/2022,International Moment of Laughter Day
4/14/2022,Holy Thursday
4/14/2022,RAINN Day
4/14/2022,National Ex-Spouse Day
4/14/2022,National Gardening Day
4/14/2022,National Alcohol Screening Day
4/14/2022,National Pan American Day
4/14/2022,Maundy Thursday
4/15/2022,Good Friday
4/15/2022,Passover
4/15/2022,Tax Day
4/15/2022,Assassination of Abraham Lincoln
4/15/2022,Father Damien Day
4/15/2022,National Laundry Day
4/15/2022,World Art Day
4/15/2022,Ta'anit Bechorot (Fast of the First Born)
4/16/2022,Emancipation Day
4/16/2022,Husband Appreciation Day
4/16/2022,Selena Day
4/16/2022,World Voice Day
4/16/2022,Holy Saturday
4/17/2022,Easter Sunday
4/17/2022,World Hemophilia Day
4/18/2022,Patriots' Day
4/18/2022,International Day for Monuments and Sites
4/18/2022,National Haiku Poetry Day
4/18/2022,National Lineman Appreciation Day
4/18/2022,National Columnists’ Day
4/18/2022,International Amateur Radio Day
4/20/2022,National Look Alike Day
4/20/2022,Administrative Professionals Day
4/20/2022,Chinese Language Day
4/21/2022,San Jacinto Day
4/21/2022,National High Five Day
4/21/2022,Spanish American War
4/21/2022,International Creativity and Innovation Day
4/21/2022,National Kindergarten Day
4/22/2022,Earth Day
4/22/2022,Oklahoma Day
4/22/2022,International Mother Earth Day
4/22/2022,Orthodox Good Friday
4/23/2022,National Picnic Day
4/23/2022,National Take a Chance Day
4/23/2022,Lover's Day
4/23/2022,Last Day of Passover
4/23/2022,World Book Day
4/23/2022,National Talk Like Shakespeare Day
4/23/2022,English Language Day
4/23/2022,Spanish Language Day
4/23/2022,Mimouna
4/24/2022,Orthodox Easter
4/24/2022,World Immunization Week
4/25/2022,National DNA Day
4/25/2022,World Penguin Day
4/25/2022,National Telephone Day
4/25/2022,World Malaria Day
4/26/2022,Pretzel Day
4/26/2022,World Intellectual Property Day
4/26/2022,International Chernobyl Disaster Remembrance Day
4/27/2022,Yom HaShoah
4/27/2022,Confederate Memorial Day
4/27/2022,International Guide Dog Day
4/28/2022,Take our Daughters and Sons to Work Day
4/28/2022,National Superhero Day
4/28/2022,National Great Poetry Reading Day
4/28/2022,Workers’ Memorial Day
4/28/2022,World Day for Safety and Health at Work
4/29/2022,Arbor Day
4/29/2022,International Dance Day
4/30/2022,International Jazz Day
4/30/2022,Honesty Day
4/30/2022,National Rebuilding Day
4/30/2022,International Sculpture Day
4/30/2022,Last Day of Ramadan
5/01/2022,May Day
5/01/2022,Loyalty Day
5/01/2022,Law Day
5/01/2022,No Pants Day
5/01/2022,Lei Day
5/01/2022,National Lemonade Day
5/01/2022,School Principals’ Day
5/01/2022,Global Love Day
5/01/2022,World Laughter Day
5/02/2022,Kentucky Derby
5/02/2022,Eid al-Fitr
5/02/2022,Astronomy Day
5/02/2022,International Harry Potter Day
5/02/2022,World Tuna Day
5/03/2022,Teacher’s Day
5/03/2022,World Press Freedom Day
5/03/2022,National Paranormal Day
5/03/2022,National Foster Care Day
5/04/2022,Rhode Island Independence Day
5/04/2022,Star Wars Day
5/04/2022,Kent State Shootings
5/04/2022,Haymarket Riot
5/05/2022,World Password Day
5/05/2022,Cinco de Mayo
5/05/2022,National Day of Prayer
5/05/2022,Yom Ha'atzmaut
5/05/2022,International Midwives Day
5/05/2022,African World Heritage Day
5/05/2022,International Day of the Midwife
5/05/2022,World Portuguese Language Day
5/06/2022,National Nurses Day
5/06/2022,Military Spouse Appreciation Day
5/06/2022,National Space Day
5/06/2022,International No Diet Day
5/06/2022,National Tourist Appreciation Day
5/06/2022,National Provider Day
5/07/2022,National Explosive Ordnance Disposal (EOD) Day
5/07/2022,Join Hands Day
5/08/2022,Mother's Day
5/08/2022,Victory in Europe Day
5/08/2022,Truman Day
5/08/2022,World Red Cross Day
5/08/2022,National Have a Coke Day
5/08/2022,National Student Nurse Day
5/08/2022,International Thalassaemia Day
5/08/2022,Buddha Day
5/09/2022,National Third Shift Workers Day
5/10/2022,World Lupus Day
5/10/2022,National Clean Your Room Day
5/11/2022,Pullman Strike
5/11/2022,National Receptionists Day
5/11/2022,National Eat What You Want Day
5/12/2022,National Limerick Day
5/12/2022,International Nurses Day
5/13/2022,National Apple Pie Day
5/14/2022,Jamestown Colony Founded
5/14/2022,Fair Trade Day
5/14/2022,Pesach Sheni (Second Passover)
5/15/2022,Peace Officers Memorial Day
5/15/2022,International Day of Families
5/15/2022,National Pizza Party Day
5/15/2022,World Baking Day
5/16/2022,International Day of Light
5/17/2022,World Hypertension Day
5/18/2022,International Museum Day
5/18/2022,Lag BaOmer
5/18/2022,National No Dirty Dishes Day
5/20/2022,Malcolm X Day
5/20/2022,Homestead Act
5/20/2022,National Rescue Dog Day
5/20/2022,National Endangered Species Day
5/20/2022,National Be a Millionaire Day
5/20/2022,World Bee Day
5/20/2022,National Defense Transportation Day
5/20/2022,Bike-to-Work Day
5/21/2022,International Tea Day
5/21/2022,Armed Forces Day
5/21/2022,Preakness Stakes
5/21/2022,World Day for Cultural Diversity
5/21/2022,National Waitstaff Day
5/21/2022,National Talk Like Yoda Day
5/21/2022,National Learn to Swim Day
5/21/2022,National Memo Day
5/22/2022,Harvey Milk Day
5/22/2022,International Day for Biological Diversity
5/22/2022,National Maritime Day
5/22/2022,World Goth Day
5/23/2022,World Turtle Day
5/24/2022,National Brother's Day
5/24/2022,National Scavenger Hunt Day
5/24/2022,World Schizophrenia Day
5/25/2022,National Wine Day
5/25/2022,National Missing Children’s Day
5/26/2022,Ascension Day
5/26/2022,National Paper Airplane Day
5/27/2022,National Sunscreen Day
5/28/2022,National Burger Day
5/28/2022,National Brisket Day
5/28/2022,World Blood Cancer Day
5/29/2022,Learn About Composting Day
5/29/2022,International Day of United Nations Peacekeepers
5/30/2022,Memorial Day
5/30/2022,National Creativity Day
5/30/2022,World Multiple Sclerosis Day
5/31/2022,World No Tobacco Day
5/31/2022,National Smile Day
6/01/2022,National Pen Pal Day
6/01/2022,Global Running Day
6/01/2022,Global Day of Parents
6/01/2022,World Reef Awareness Day
6/01/2022,National Say Something Nice Day
6/03/2022,World Bicycle Day
6/03/2022,National Egg Day
6/04/2022,Belmont Stakes
6/04/2022,Shavuot
6/04/2022,National Cheese Day
6/04/2022,National Hug Your Cat Day
6/05/2022,Pentecost
6/05/2022,National Donut Day
6/05/2022,World Environment Day
6/05/2022,National Cancer Survivor’s Day
6/05/2022,National Gingerbread Day
6/06/2022,Jefferson Davis' Birthday
6/06/2022,National Higher Education Day
6/06/2022,D-Day
6/06/2022,Whit Monday
6/08/2022,National Best Friends Day
6/08/2022,World Oceans Day
6/09/2022,National Donald Duck Day
6/10/2022,National Iced Tea Day
6/11/2022,Kamehameha Day
6/11/2022,Global Wellness Day
6/12/2022,Trinity Sunday
6/12/2022,Odunde Festival
6/12/2022,National Loving Day
6/12/2022,National Children’s Day
6/12/2022,World Day Against Child Labor
6/13/2022,National Sewing Machine Day
6/13/2022,International Albinism Awareness Day
6/13/2022,World Softball Day
6/14/2022,Flag Day
6/14/2022,Army Birthday
6/14/2022,Bourbon Day
6/14/2022,World Blood Donor Day
6/14/2022,National Call Your Doctor Day
6/15/2022,World Elder Abuse Awareness Day
6/15/2022,Nature Photography Day
6/16/2022,Bloomsday
6/16/2022,Corpus Christi
6/16/2022,International Day of the African Child
6/16/2022,National Fudge Day
6/17/2022,Bunker Hill Day
6/17/2022,World Day to Combat Desertification and Drought
6/18/2022,International Sushi Day
6/18/2022,International Picnic Day
6/19/2022,Father's Day
6/19/2022,Juneteenth
6/20/2022,West Virginia Day
6/20/2022,American Eagle Day
6/20/2022,World Refugee Day
6/20/2022,International Surfing Day
6/21/2022,Summer Solstice
6/21/2022,International Yoga Day
6/21/2022,National Selfie Day
6/21/2022,National Daylight Appreciation Day
6/22/2022,National Take Your Cat to Work Day
6/22/2022,World Rainforest Day
6/23/2022,National Pink Day
6/23/2022,National Hydration Day
6/23/2022,International Women in Engineering Day
6/24/2022,Take Your Dog to Work Day
6/25/2022,Battle of the Little Bighorn
6/25/2022,Korean War
6/25/2022,Bourdain Day
6/25/2022,Global Beatles Day
6/27/2022,Helen Keller Day
6/27/2022,National Bingo Day
6/27/2022,National PTSD Awareness Day
6/27/2022,National Sunglasses Day
6/27/2022,National HIV Testing Day
6/27/2022,"Micro-, Small and Medium-Sized Enterprises Day"
6/28/2022,National Insurance Awareness Day
6/29/2022,National Camera Day
6/29/2022,Hug Holiday
6/30/2022,World Social Media Day
6/30/2022,National Work From Home Day
6/30/2022,International Asteroid Day
6/30/2022,National Handshake Day
7/01/2022,International Joke Day
7/01/2022,Battle of Gettysburg
7/01/2022,National Postal Worker Day
7/02/2022,Civil Rights Act
7/02/2022,World UFO Day
7/02/2022,International Day of Cooperatives
7/03/2022,National Stay Out of the Sun Day
7/03/2022,International Plastic Bag Free Day
7/04/2022,Independence Day
7/04/2022,Truman Doctrine
7/05/2022,National Bikini Day
7/05/2022,National Workaholics Day
7/06/2022,International Kissing Day
7/06/2022,National Fried Chicken Day
7/07/2022,Global Forgiveness Day
7/07/2022,World Chocolate Day
7/08/2022,National Video Game Day
7/09/2022,Eid al-Adha
7/10/2022,National Kitten Day
7/11/2022,World Population Day
7/11/2022,International Town Criers Day
7/12/2022,National Simplicity Day
7/12/2022,Cow Appreciation Day
7/12/2022,Malala Day
7/12/2022,Orangemen's Day (The Twelfth)
7/13/2022,Nathan Bedford Forrest Day
7/13/2022,National French Fry Day
7/14/2022,National Mac and Cheese Day
7/14/2022,Pandemonium Day
7/15/2022,National Give Something Away Day
7/15/2022,National Clean Beauty Day
7/16/2022,National Cherry Day
7/17/2022,World Emoji Day
7/17/2022,National Ice Cream Day
7/17/2022,National Lottery Day
7/18/2022,Nelson Mandela International Day
7/18/2022,World Listening Day
7/19/2022,Seneca Falls Convention
7/20/2022,National Moon Day
7/20/2022,International Chess Day
7/20/2022,World Jump Day
7/21/2022,National Junk Food Day
7/22/2022,National Hammock Day
7/23/2022,National Gorgeous Grandma Day
7/24/2022,Parents' Day
7/24/2022,Moon Landing
7/24/2022,Pioneer Day
7/24/2022,Cousins Day
7/24/2022,National Drive-Thru Day
7/25/2022,National Hire A Veteran Day
7/26/2022,Uncle and Aunt Day
7/27/2022,National Creme Brûlée Day
7/27/2022,National Disability Independence Day
7/28/2022,Bonus Army
7/28/2022,World War I
7/28/2022,National Milk Chocolate Day
7/28/2022,National Intern Day
7/29/2022,National Lasagna Day
7/29/2022,NASA is Founded
7/29/2022,National Lipstick Day
7/29/2022,International Tiger Day
7/30/2022,Muharram
7/30/2022,International Friendship Day
7/30/2022,National Father-in-Law Day
7/30/2022,National Cheesecake Day
7/30/2022,World Day Against Trafficking in Persons
7/31/2022,National Avocado Day
7/31/2022,World Ranger Day
8/01/2022,National Girlfriend Day
8/01/2022,Colorado Day
8/01/2022,National Minority Donor Awareness Day
8/01/2022,World Scout Scarf Day
8/01/2022,International Childfree Day
8/01/2022,World Lung Cancer Day
8/01/2022,Lammas Day
8/04/2022,Coast Guard Birthday
8/04/2022,National Chocolate Chip Cookie Day
8/04/2022,Barack Obama's Birthday
8/05/2022,Tisha B'Av
8/05/2022,International Beer Day
8/07/2022,Purple Heart Day
8/07/2022,Sisters' Day
8/07/2022,National Lighthouse Day
8/07/2022,National Friendship Day
8/07/2022,American Family Day
8/07/2022,Ashura
8/08/2022,Victory Day
8/08/2022,International Cat Day
8/08/2022,International Infinity Day
8/09/2022,National Book Lovers Day
8/09/2022,International Day of the World's Indigenous People
8/09/2022,International Coworking Day
8/10/2022,Lazy Day
8/10/2022,National Spoil Your Dog Day
8/11/2022,Raksha Bandhan
8/11/2022,National Son and Daughter Day
8/11/2022,Tu B'Av (The 15th of Av)
8/12/2022,Middle Child Day
8/12/2022,International Youth Day
8/12/2022,National Vinyl Record Day
8/13/2022,Left-Handers Day
8/13/2022,National Bowling Day
8/13/2022,National Garage Sale Day
8/14/2022,Social Security Act
8/14/2022,National Financial Awareness Day
8/15/2022,Assumption of Mary
8/15/2022,National Relaxation Day
8/15/2022,International Homeless Animals Day
8/15/2022,National Back To School Prep Day
8/16/2022,Bennington Battle Day
8/16/2022,National Bratwurst Day
8/16/2022,Tell a Joke Day
8/16/2022,National Roller Coaster Day
8/16/2022,National Airborne Day
8/17/2022,National Black Cat Appreciation Day
8/17/2022,National Thrift Shop Day
8/17/2022,National Nonprofit Day
8/18/2022,National Couple's Day
8/18/2022,National Fajita Day
8/18/2022,Women's Suffrage
8/18/2022,Janmashtami
8/19/2022,Hawaii Statehood Day
8/19/2022,National Aviation Day
8/19/2022,National Potato Day
8/19/2022,World Humanitarian Day
8/19/2022,World Photography Day
8/20/2022,National Radio Day
8/20/2022,World Mosquito Day
8/20/2022,International Geocaching Day
8/20/2022,National Chocolate Pecan Pie Day
8/21/2022,Senior Citizens Day
8/21/2022,International Day of Remembrance and Tribute to the Victims of Terrorism
8/22/2022,National Tooth Fairy Day
8/22/2022,World Plant Milk Day
8/23/2022,Cheap Flight Day
8/23/2022,National Sponge Cake Day
8/23/2022,International Day for the Remembrance of the Slave Trade and its Abolition
8/24/2022,National Waffle Day
8/24/2022,Kobe Bryant Day
8/24/2022,International Strange Music Day
8/25/2022,National Secondhand Wardrobe Day
8/25/2022,National Park Service Founders Day
8/26/2022,Women's Equality Day
8/26/2022,National WebMistress Day
8/27/2022,National Just Because Day
8/28/2022,March on Washington
8/28/2022,Rainbow Bridge Remembrance Day
8/29/2022,International Day Against Nuclear Tests
8/30/2022,National Beach Day
8/30/2022,College Colors Day
8/30/2022,International Day of the Victims of Enforced Disappearance
8/30/2022,National Grief Awareness Day
8/31/2022,Ganesh Chaturthi
8/31/2022,World Distance Learning Day
8/31/2022,International Overdose Awareness Day
9/01/2022,American Chess Day
9/01/2022,Emma M Nutt Day
9/01/2022,World Letter Writing Day
9/02/2022,V-J Day
9/02/2022,National Lazy Mom’s Day
9/02/2022,National Food Bank Day
9/03/2022,World Beard Day
9/03/2022,Signing of the Treaty of Paris
9/03/2022,National Skyscraper Day
9/04/2022,National Wildlife Day
9/05/2022,Labor Day
9/05/2022,International Day of Charity
9/05/2022,National Cheese Pizza Day
9/05/2022,West Indian Day Parade
9/06/2022,Read a Book Day
9/06/2022,Telephone Tuesday
9/06/2022,Fight Procrastination Day
9/07/2022,National Salami Day
9/08/2022,World Physical Therapy Day
9/08/2022,International Literacy Day
9/08/2022,National School Picture Day
9/09/2022,California Admission Day
9/09/2022,National 401(k) Day
9/09/2022,International Sudoku Day
9/10/2022,Carl Garner Federal Lands Cleanup Day
9/10/2022,National Pet Memorial Day
9/10/2022,World Suicide Prevention Day
9/10/2022,National Swap Ideas Day
9/11/2022,Grandparents Day
9/11/2022,Patriot Day
9/11/2022,National Make Your Bed Day
9/11/2022,National Hug Your Hound Day
9/12/2022,National Video Games Day
9/12/2022,National Day of Civic Hacking
9/12/2022,National Day of Encouragement
9/13/2022,Positive Thinking Day
9/13/2022,Roald Dahl Day
9/13/2022,International Chocolate Day
9/13/2022,National Peanut Day
9/13/2022,National Celiac Disease Awareness Day
9/13/2022,National Bald is Beautiful Day
9/13/2022,Day of the Programmer
9/14/2022,National Live Creative Day
9/15/2022,World Lymphoma Awareness Day
9/15/2022,International Day of Democracy
9/15/2022,Get Ready Day
9/15/2022,National Online Learning Day
9/15/2022,National Linguine Day
9/15/2022,International Dot Day
9/15/2022,National Hispanic Heritage Month
9/16/2022,National Guacamole Day
9/16/2022,National POW/MIA Recognition Day
9/16/2022,National Step Family Day
9/16/2022,National Working Parents Day
9/16/2022,International Day for the Preservation of the Ozone Layer
9/17/2022,Constitution Day
9/17/2022,National CleanUp Day
9/17/2022,Citizenship Day
9/17/2022,Oktoberfest
9/17/2022,National Gymnastics Day
9/17/2022,International Country Music Day
9/17/2022,International Patient Safety Day
9/17/2022,National Pet Bird Day
9/17/2022,International Coastal CleanUp Day
9/17/2022,International Eat an Apple Day
9/18/2022,Wife Appreciation Day
9/18/2022,National First Love Day
9/18/2022,National Cheeseburger Day
9/19/2022,National Dance Day
9/19/2022,Talk Like a Pirate Day
9/19/2022,Batman Day
9/20/2022,National Queso Day
9/20/2022,National Pepperoni Pizza Day
9/20/2022,National IT Professionals Day
9/21/2022,International Day of Peace
9/21/2022,World Gratitude Day
9/21/2022,World Alzheimer’s Day
9/22/2022,Falls Prevention Awareness Day
9/22/2022,Autumnal Equinox (Start of Fall)
9/22/2022,Hobbit Day
9/22/2022,World Car-Free Day
9/22/2022,National Elephant Appreciation Day
9/22/2022,National White Chocolate Day
9/22/2022,American Business Women’s Day
9/22/2022,National Centenarian’s Day
9/22/2022,Car Free Day
9/22/2022,World Rhino Day
9/23/2022,International Day of Sign Languages
9/23/2022,Bi Visibility Day
9/24/2022,National Family Health & Fitness Day USA
9/24/2022,National Ghost Hunting Day
9/24/2022,National Singles Day
9/24/2022,National Hunting and Fishing Day
9/24/2022,National Public Lands Day
9/24/2022,National Punctuation Day
9/24/2022,Schwenkfelder Thanksgiving
9/24/2022,National Brave Day
9/24/2022,National Cherries Jubilee Day
9/25/2022,Gold Star Mother's Day
9/25/2022,Comic Book Day
9/25/2022,Rosh Hashanah
9/25/2022,National Cooking Day
9/25/2022,National Daughters Day
9/25/2022,National Lobster Day
9/25/2022,National One-Hit Wonder Day
9/25/2022,International Daughters Day
9/25/2022,World Dream Day
9/25/2022,National Open The Magic Day
9/26/2022,Johnny Appleseed Day
9/26/2022,National Family Day
9/26/2022,National Dumpling Day
9/27/2022,World Tourism Day
9/27/2022,National Voter Registration Day
9/27/2022,National Crush Day
9/28/2022,National Neighbor Day
9/28/2022,National Sons Day
9/28/2022,World Rabies Day
9/28/2022,Ask a Stupid Question Day
9/28/2022,International Day for Universal Access to Information
9/29/2022,National Coffee Day
9/29/2022,World Heart Day
9/29/2022,National Starbucks Day
9/29/2022,International Day of Awareness of Food Loss and Waste
9/29/2022,VFW Day
9/30/2022,International Podcast Day
9/30/2022,National Love People Day
9/30/2022,International Translation Day
9/30/2022,World Maritime Day
9/30/2022,National Day for Truth and Reconciliation
10/01/2022,World Vegetarian Day
10/01/2022,International Music Day
10/01/2022,National Homemade Cookies Day
10/01/2022,National Hair Day
10/01/2022,International Coffee Day
10/01/2022,International Day of Older Persons
10/01/2022,National Fire Pup Day
10/02/2022,National Custodian Day
10/02/2022,National Name Your Car Day
10/02/2022,International Day of Non-Violence
10/03/2022,Child Health Day
10/03/2022,World Temperance Day
10/03/2022,National Boyfriend Day
10/03/2022,Mean Girls Day
10/03/2022,World Habitat Day
10/04/2022,National Taco Day
10/04/2022,Feast of St Francis of Assisi
10/04/2022,Yom Kippur
10/04/2022,World Animal Day
10/04/2022,National Cinnamon Roll Day
10/04/2022,National Golf Lovers Day
10/04/2022,World Space Week
10/05/2022,National Walk and Bike to School Day
10/05/2022,National Get Funky Day
10/05/2022,National Do Something Nice Day
10/05/2022,World Teachers’ Day
10/05/2022,World Financial Planning Day
10/05/2022,Random Acts of Poetry Day
10/06/2022,National Coaches Day
10/06/2022,National Noodle Day
10/06/2022,National Plus Size Appreciation Day
10/06/2022,World Cerebral Palsy Day
10/07/2022,World Smile Day
10/07/2022,National Frappe Day
10/07/2022,National Body Language Day
10/07/2022,National Inner Beauty Day
10/08/2022,National Depression Screening Day
10/08/2022,World Hospice and Palliative Care Day
10/08/2022,National Chess Day
10/08/2022,International Podiatry Day
10/09/2022,Leif Erikson Day
10/09/2022,World Post Day
10/10/2022,Columbus Day (Most regions)
10/10/2022,Native Americans' Day
10/10/2022,World Mental Health Day
10/10/2022,World Homeless Day
10/11/2022,National Coming Out Day
10/11/2022,International Day of the Girl Child
10/12/2022,National Emergency Nurse’s Day
10/12/2022,Farmers Day
10/12/2022,National Savings Day
10/12/2022,National Stop Bullying Day
10/12/2022,World Arthritis Day
10/13/2022,Navy Birthday
10/13/2022,National No Bra Day
10/13/2022,World Sight Day
10/13/2022,International Day for Disaster Risk Reduction
10/14/2022,National Dessert Day
10/14/2022,National Fossil Day
10/14/2022,World Standards Day
10/15/2022,Sweetest Day
10/15/2022,White Cane Safety Day
10/15/2022,National Grouch Day
10/15/2022,Global Handwashing Day
10/15/2022,National Mushroom Day
10/15/2022,National Fetch Day
10/15/2022,International Day of Rural Women
10/16/2022,National Train Your Brain Day
10/16/2022,National Sports Day
10/16/2022,Boss's Day
10/16/2022,World Food Day
10/16/2022,Dictionary Day
10/16/2022,Global Cat Day
10/16/2022,Department Store Day
10/16/2022,World Spine Day
10/17/2022,International Day for the Eradication of Poverty
10/17/2022,National Pasta Day
10/17/2022,National Clean Your Virtual Desktop Day
10/17/2022,National Pay Back a Friend Day
10/17/2022,Black Poetry Day
10/17/2022,World Trauma Day
10/18/2022,Alaska Day
10/18/2022,National No Beard Day
10/19/2022,National New Friends Day
10/19/2022,Global Dignity Day
10/20/2022,National Day on Writing
10/20/2022,World Osteoporosis Day
10/20/2022,International Sloth Day
10/20/2022,National Pharmacy Technician Day
10/20/2022,National Youth Confidence Day
10/20/2022,International Chefs Day
10/21/2022,National Reptile Day
10/21/2022,National Pets for Veterans Day
10/21/2022,National Medical Assistants Day
10/21/2022,National Apple Day
10/21/2022,Back to the Future Day
10/21/2022,National Mammography Day
10/22/2022,National Nut Day
10/22/2022,International Stuttering Awareness Day
10/22/2022,National Make A Difference Day
10/23/2022,National Paralegal Day
10/23/2022,National Mother-in-Law Day
10/23/2022,National TV Talk Show Host
10/24/2022,Stock Market Crash
10/24/2022,United Nations Day
10/24/2022,National Bologna Day
10/24/2022,World Development Information Day
10/25/2022,International Dwarfism Awareness Day
10/25/2022,World Opera Day
10/25/2022,International Artist’s Day
10/25/2022,National Art Day
10/25/2022,National I Care About You Day
10/26/2022,National Day of the Deployed
10/26/2022,National Pumpkin Day
10/27/2022,World Occupational Therapy Day
10/27/2022,National Mentoring Day
10/27/2022,National American Beer Day
10/28/2022,Nevada Day
10/28/2022,National Chocolate Day
10/28/2022,National Immigrants Day
10/28/2022,National First Responders Day
10/29/2022,Internet Day
10/29/2022,National Cat Day
10/29/2022,National Oatmeal Day
10/29/2022,World Psoriasis Day
10/29/2022,World Stroke Day
10/30/2022,National Breadstick Day
10/30/2022,National Checklist Day
10/30/2022,National Text Your Ex Day
10/30/2022,National Candy Corn Day
10/31/2022,Halloween
10/31/2022,National Magic Day
10/31/2022,World Cities Day
10/31/2022,National Caramel Apple Day
11/01/2022,Author's Day
11/01/2022,National Brush Day
11/01/2022,National Calzone Day
11/01/2022,All Saints' Day
11/01/2022,World Vegan Day
11/01/2022,Day of the Dead
11/01/2022,Movember
11/02/2022,All Souls' Day
11/02/2022,National Stress Awareness Day
11/03/2022,National Sandwich Day
11/03/2022,National Men Make Dinner Day
11/03/2022,National Homemaker Day
11/04/2022,Iran Hostage Crisis
11/04/2022,National Candy Day
11/04/2022,National Chicken Lady Day
11/05/2022,World Tsunami Awareness Day
11/05/2022,American Football Day
11/05/2022,National Redhead Day
11/06/2022,Daylight Saving Time Ends
11/06/2022,New York City Marathon
11/06/2022,National Nachos Day
11/07/2022,Job Action Day
11/07/2022,National Canine Lymphoma Awareness Day
11/08/2022,National STEM/STEAM Day
11/08/2022,National Cappuccino Day
11/09/2022,World Freedom Day
11/09/2022,Go to an Art Museum Day
11/09/2022,World Adoption Day
11/10/2022,Marine Corps Birthday
11/10/2022,International Accounting Day
11/10/2022,World Science Day for Peace and Development
11/11/2022,Veterans Day
11/11/2022,National Metal Day
11/11/2022,National Sundae Day
11/11/2022,Singles Day
11/12/2022,National Happy Hour Day
11/13/2022,World Kindness Day
11/13/2022,Sadie Hawkins Day
11/14/2022,World Diabetes Day
11/14/2022,National Pickle Day
11/14/2022,National Family PJ Day
11/15/2022,America Recycles Day
11/15/2022,National Philanthropy Day
11/15/2022,National Drummer Day
11/15/2022,National Entrepreneurs' Day
11/15/2022,National Clean Out Your Refrigerator Day
11/16/2022,International Day for Tolerance
11/16/2022,National Button Day
11/16/2022,National Fast Food Day
11/17/2022,National Hiking Day
11/17/2022,World Prematurity Day
11/17/2022,National Homemade Bread Day
11/17/2022,National Take a Hike Day
11/17/2022,National Unfriend Day
11/17/2022,Great American Smokeout
11/17/2022,National Rural Health Day
11/17/2022,World Philosophy Day
11/18/2022,National Princess Day
11/19/2022,National Play Monopoly Day
11/19/2022,International Men's Day
11/19/2022,National Camp Day
11/19/2022,World Toilet Day
11/19/2022,National Macchiato Day
11/20/2022,Future Teachers of America Day
11/20/2022,Transgender Day of Remembrance
11/20/2022,Universal Children’s Day
11/20/2022,National Absurdity Day
11/21/2022,World Hello Day
11/21/2022,World Television Day
11/21/2022,National Stuffing Day
11/22/2022,Go For A Ride Day
11/23/2022,National Espresso Day
11/23/2022,National Adoption Day
11/23/2022,Fibonacci Day
11/24/2022,Thanksgiving Day
11/24/2022,National Day of Mourning
11/25/2022,Black Friday
11/25/2022,National Play Day With Dad
11/25/2022,American Indian Heritage Day
11/25/2022,International Day for the Elimination of Violence Against Women
11/25/2022,Buy Nothing Day
11/26/2022,National Cake Day
11/26/2022,Small Business Saturday
11/26/2022,National Family Health History Day
11/28/2022,Cyber Monday
11/28/2022,National French Toast Day
11/29/2022,Giving Tuesday
11/29/2022,International Day of Solidarity with the Palestinian People
11/30/2022,International Computer Security Day
11/30/2022,National Mason Jar Day
11/30/2022,National Personal Space Day
12/01/2022,World AIDS Day
12/01/2022,National Christmas Lights Day
12/02/2022,International Day for the Abolition of Slavery
12/02/2022,National Mutt Day
12/02/2022,National Bartender Day
12/03/2022,International Day of Persons with Disabilities
12/03/2022,Candle Day
12/03/2022,World Pear Day
12/04/2022,Wildlife Conservation Day
12/04/2022,International Day of Banks
12/04/2022,National Cookie Day
12/05/2022,Day of the Ninja
12/05/2022,International Volunteer Day
12/05/2022,National Repeal Day
12/05/2022,World Soil Day
12/06/2022,St. Nicholas Day
12/06/2022,National Gazpacho Day
12/06/2022,National Miners Day
12/07/2022,Pearl Harbor Remembrance Day
12/07/2022,World War II
12/07/2022,International Civil Aviation Day
12/07/2022,National Letter Writing Day
12/08/2022,Feast of the Immaculate Conception
12/08/2022,National Brownie Day
12/09/2022,National Llama Day
12/09/2022,International Anti-corruption Day
12/09/2022,International Day of Commemoration and Dignity of the Victims of the Crime of Genocide
12/09/2022,Christmas Card Day
12/10/2022,Human Rights Day
12/10/2022,Dewey Decimal System Day
12/10/2022,Nobel Prize Day
12/10/2022,International Animal Rights Day
12/10/2022,Jane Addams Day
12/11/2022,International Mountain Day
12/11/2022,UNICEF Birthday
12/12/2022,Green Monday
12/12/2022,Feast of Our Lady of Guadalupe
12/12/2022,Gingerbread House Day
12/12/2022,National Poinsettia Day
12/12/2022,International Day of Neutrality
12/12/2022,International Universal Health Coverage Day
12/13/2022,National Day of the Horse
12/13/2022,National Guard Birthday
12/13/2022,National Salesperson Day
12/13/2022,National Violin Day
12/13/2022,National Cocoa Day
12/14/2022,Monkey Day
12/14/2022,National Free Shipping Day
12/15/2022,National Cupcake Day
12/15/2022,Bill of Rights Day
12/15/2022,National Wear Your Pearls Day
12/16/2022,National Ugly Sweater Day
12/16/2022,National Chocolate Covered Anything Day
12/16/2022,National Underdog Day
12/17/2022,Wright Brothers Day
12/17/2022,Pan American Aviation Day
12/17/2022,National Maple Syrup Day
12/17/2022,National Wreaths Across America Day
12/18/2022,Arabic Language Day
12/18/2022,Answer The Telephone Like Buddy The Elf Day
12/18/2022,National Twin Day
12/18/2022,International Migrants Day
12/19/2022,National Emo Day
12/20/2022,International Human Solidarity Day
12/21/2022,Winter Solstice
12/21/2022,National Crossword Puzzle Day
12/21/2022,National Short Girl Appreciation Day
12/21/2022,Look On The Bright Side Day
12/22/2022,National Short Person Day
12/22/2022,National Cookie Exchange Day
12/23/2022,Festivus
12/23/2022,National Roots Day
12/24/2022,Christmas Eve
12/24/2022,The Feast of the Seven Fishes
12/25/2022,Christmas Day
12/26/2022,Kwanzaa
12/26/2022,Boxing Day
12/27/2022,International Day of Epidemic Preparedness
12/28/2022,National Card Playing Day
12/28/2022,National Short Film Day
12/28/2022,Pledge of Allegiance Day
12/28/2022,National Call a Friend Day
12/28/2022,National Download Day
12/29/2022,Wounded Knee
12/29/2022,Still Need To Do Day
12/30/2022,National Bacon Day
12/30/2022,No Interruptions Day
12/31/2022,New Year's Eve
